<?xml version="1.0" encoding="UTF-8"?>
<metadata xml:lang="en"><Esri><CreaDate>20210413</CreaDate><CreaTime>17010100</CreaTime><ArcGISFormat>1.0</ArcGISFormat><SyncOnce>TRUE</SyncOnce><DataProperties><itemProps><itemLocation><linkage Sync="TRUE">file://\\ARCNCWAY5000253\C$\Coweeta_Modeling\Frigid_results\comp_classfrigid.tif</linkage><protocol Sync="TRUE">Local Area Network</protocol></itemLocation></itemProps><copyHistory><copy source="C:\Coweeta_Modeling\Combined_results\comp_classfrigid.tif" dest="\\ARCNCWAY5000253\C$\Coweeta_Modeling\Frigid_results\comp_classfrigid.tif" date="20210413" time="17010100"></copy></copyHistory><lineage><Process ToolSource="c:\program files\arcgis\pro\Resources\ArcToolbox\toolboxes\Data Management Tools.tbx\Copy" Date="20210413" Time="165723">Copy C:\Coweeta_Modeling\Frigid_results\comp_classfrigid.tif C:\Coweeta_Modeling\Combined_results\comp_classfrigid.tif "Raster Dataset" #</Process><Process ToolSource="c:\program files\arcgis\pro\Resources\ArcToolbox\toolboxes\Data Management Tools.tbx\Copy" Date="20210413" Time="170101">Copy C:\Coweeta_Modeling\Combined_results\comp_classfrigid.tif C:\Coweeta_Modeling\Frigid_results\comp_classfrigid.tif "Raster Dataset" #</Process></lineage></DataProperties></Esri></metadata>
